mark_id,mark_text,mark_type,repository_path,usage_location,usage_context,user_visible,current_status,related_service,first_git_commit,first_commit_date,last_git_commit,last_commit_date,file_hash_sha256,evidence_limitations,notes
"TM-KO-001","말린오이","일반 문자","site.webmanifest","3행 short_name","PWA 짧은 앱 이름","예 - 설치 UI 조건부","현재 사용","웹/PWA","400928c4c99b840be899a2c3968a14c9f4be5f92","2026-05-19T09:24:48+09:00","400928c4c99b840be899a2c3968a14c9f4be5f92","2026-05-19T09:24:48+09:00","NOT_APPLICABLE","Git 기록은 최초 상업적 사용일이나 공개일이 아님; 실제 설치·운영은 OWNER_INPUT_REQUIRED","manifest name은 말린오이닷컴"
"TM-KO-002","말린오이","일반 문자","app-calendar.html","9행 title; 32행 apple-mobile-web-app-title; 64-67행 화면 제목","말린오이 캘린더 페이지·앱 이름","예","현재 사용","캘린더 웹","155e232a89ead62e1750e8a68ebc01ce99eda153","2026-05-20T22:52:19+09:00","155e232a89ead62e1750e8a68ebc01ce99eda153","2026-05-20T22:52:19+09:00","NOT_APPLICABLE","현재 코드상 노출; 실제 배포·접속 시작일은 OWNER_INPUT_REQUIRED","캘린더 진입 페이지"
"TM-KO-003","말린오이","일반 문자","capacitor.config.json","3행 appName","말린오이 캘린더 네이티브 앱 이름","예 - 설치 앱 조건부","확인 필요","캘린더 앱","155e232a89ead62e1750e8a68ebc01ce99eda153","2026-05-20T22:52:19+09:00","155e232a89ead62e1750e8a68ebc01ce99eda153","2026-05-20T22:52:19+09:00","NOT_APPLICABLE","앱스토어 출시·테스트 배포 여부는 OWNER_INPUT_REQUIRED","앱 설정의 사용자 표시명"
"TM-KO-004","말린오이","일반 문자","android/app/src/main/res/values/strings.xml","3-15행 app_name과 위젯 이름","Android 캘린더 앱·위젯 표시명","예 - 설치 앱 조건부","확인 필요","캘린더 Android 앱","155e232a89ead62e1750e8a68ebc01ce99eda153","2026-05-20T22:52:19+09:00","155e232a89ead62e1750e8a68ebc01ce99eda153","2026-05-20T22:52:19+09:00","NOT_APPLICABLE","실제 빌드·배포·설치 사실은 OWNER_INPUT_REQUIRED","자기개발·업무·이벤트 위젯명 포함"
"TM-KO-005","말린오이","일반 문자","ios/App/App/Info.plist","10행 CFBundleDisplayName","iOS 캘린더 앱 표시명","예 - 설치 앱 조건부","확인 필요","캘린더 iOS 앱","155e232a89ead62e1750e8a68ebc01ce99eda153","2026-05-20T22:52:19+09:00","155e232a89ead62e1750e8a68ebc01ce99eda153","2026-05-20T22:52:19+09:00","NOT_APPLICABLE","실제 빌드·배포·설치 사실은 OWNER_INPUT_REQUIRED","CFBundleDisplayName"
"TM-KO-006","말린오이","일반 문자","store.html","63행 store hero title","말린오이 상점 화면 제목","예","현재 사용","사이트 내부 상점","9988266713f269989ff0ae15518b5fe454bfb663","2026-04-01T16:57:51+09:00","9988266713f269989ff0ae15518b5fe454bfb663","2026-04-01T16:57:51+09:00","NOT_APPLICABLE","실제 판매·주문·결제 발생은 OWNER_INPUT_REQUIRED","상점 서비스 표시"
"TM-KO-007","말린오이","일반 문자","assets/js/modules/store-data.js","69; 134; 1372-1384행","lofi 말린오이 BGM 이름·설명","예 - 상점 렌더링 시","현재 사용","BGM·사이트 내부 아이템","93c087d0844bb783fdf1ea140fa6d4e3f94d5153","2026-04-19T09:21:12+09:00","09171a650be2aa247fdc35c846f0bd1a596b4547","2026-04-21T22:23:46+09:00","NOT_APPLICABLE","실제 공개·판매·재생 기록은 OWNER_INPUT_REQUIRED","인벤토리 추가·장착 후 재생 설명; 다운로드 상품으로 단정하지 않음"
"TM-KO-008","말린오이","일반 문자","assets/js/modules/store-data.js","1565-1574행","기본 말린오이 이모티콘팩 이름·설명","예 - 상점 렌더링 시","현재 사용","이모티콘·사이트 내부 아이템","9988266713f269989ff0ae15518b5fe454bfb663","2026-04-01T16:57:51+09:00","9988266713f269989ff0ae15518b5fe454bfb663","2026-04-01T16:57:51+09:00","NOT_APPLICABLE","실제 배포·수령 기록은 OWNER_INPUT_REQUIRED","가입 후 무료 사용 설명이 코드에 존재"
"TM-KO-009","말린오이","일반 문자","assets/js/modules/store-data.js","502; 538; 1232-1243행","말린오이테마 하트 캐릭터 효과","예 - 상점 렌더링 시","현재 사용","프로필 캐릭터 효과","d8ea37aad28ae963534b2feabb66c55a23511dc2","2026-04-24T22:06:29+09:00","d8ea37aad28ae963534b2feabb66c55a23511dc2","2026-04-24T22:06:29+09:00","NOT_APPLICABLE","실제 구매·장착 기록은 OWNER_INPUT_REQUIRED","사이트 내부 효과로 기술됨"
"TM-KO-010","말린오이","일반 문자","assets/js/modules/store-data.js","933; 970-980행","말린오이 테마 빛나는 테두리","예 - 상점 렌더링 시","현재 사용","프로필 꾸미기","9867f936a74342a5fe11e9f2c1ebe172d1b13f28","2026-07-28T20:45:07+09:00","9867f936a74342a5fe11e9f2c1ebe172d1b13f28","2026-07-28T20:45:07+09:00","NOT_APPLICABLE","실제 구매·장착 기록은 OWNER_INPUT_REQUIRED","사이트 내부 프로필 테두리"
"TM-KO-011","말린오이","일반 문자","assets/js/modules/store-data.js","1750-1752행","말린오이캐릭터들의 집 프로필 배경 설명","예 - 상점 렌더링 시","현재 사용","프로필 배경","13e155b9c727bd65a75234640435b27e3a312ef2","2026-07-27T19:30:34+09:00","13e155b9c727bd65a75234640435b27e3a312ef2","2026-07-27T19:30:34+09:00","NOT_APPLICABLE","실제 구매·장착 기록은 OWNER_INPUT_REQUIRED","사이트 내부 프로필카드 배경"
"TM-KO-012","말린오이","일반 문자","games/cucumber-grow/index.html","17행 title; 22행 aria-label; 63행 alt; 190행 지원; 242행 footer","말린오이: 오이키우기 웹 게임명·UI","예","현재 사용","오이키우기 웹 게임","7b03812b52474f1ddbc0910c85cd77c36a4786b2","2026-08-03T15:54:50+09:00","7b03812b52474f1ddbc0910c85cd77c36a4786b2","2026-08-03T15:54:50+09:00","NOT_APPLICABLE","실제 공개 URL·이용 기록은 OWNER_INPUT_REQUIRED","게임 UI 직접 노출"
"TM-KO-013","말린오이","일반 문자","games/cucumber-grow/js/native-bridge.js","112행 share text","오이키우기 백업 OS 공유 문구","예 - 공유 실행 시","확인 필요","오이키우기 공유 기능","7b03812b52474f1ddbc0910c85cd77c36a4786b2","2026-08-03T15:54:50+09:00","7b03812b52474f1ddbc0910c85cd77c36a4786b2","2026-08-03T15:54:50+09:00","NOT_APPLICABLE","네이티브 실행·배포 여부는 OWNER_INPUT_REQUIRED","브랜드가 포함된 확인 가능한 공유 문구"
"TM-KO-014","말린오이","일반 문자","apps/cucumber-grow-mobile/capacitor.config.json","3행 appName","말린오이: 오이키우기 모바일 앱 이름","예 - 설치 앱 조건부","확인 필요","오이키우기 모바일 게임","7b03812b52474f1ddbc0910c85cd77c36a4786b2","2026-08-03T15:54:50+09:00","7b03812b52474f1ddbc0910c85cd77c36a4786b2","2026-08-03T15:54:50+09:00","NOT_APPLICABLE","개발 ID 사용; 출시 여부는 OWNER_INPUT_REQUIRED","모바일 앱 공통 설정"
"TM-KO-015","말린오이","일반 문자","apps/cucumber-grow-mobile/android/app/src/main/res/values/strings.xml","3-4행 app_name과 title_activity_main","Android 오이키우기 앱 표시명","예 - 설치 앱 조건부","확인 필요","오이키우기 Android 게임","7b03812b52474f1ddbc0910c85cd77c36a4786b2","2026-08-03T15:54:50+09:00","7b03812b52474f1ddbc0910c85cd77c36a4786b2","2026-08-03T15:54:50+09:00","NOT_APPLICABLE","실제 빌드·배포·설치 사실은 OWNER_INPUT_REQUIRED","개발용 applicationId 사용"
"TM-KO-016","말린오이","일반 문자","apps/cucumber-grow-mobile/ios/App/App/Info.plist","10행 CFBundleDisplayName","iOS 오이키우기 앱 표시명","예 - 설치 앱 조건부","확인 필요","오이키우기 iOS 게임","7b03812b52474f1ddbc0910c85cd77c36a4786b2","2026-08-03T15:54:50+09:00","7b03812b52474f1ddbc0910c85cd77c36a4786b2","2026-08-03T15:54:50+09:00","NOT_APPLICABLE","실제 빌드·배포·설치 사실은 OWNER_INPUT_REQUIRED","개발용 bundle ID 사용"
"TM-KO-017","말린오이","일반 문자","mallin-plus.html","57-108행","앱·게임 제작 주체 및 말린오이 캘린더 소개","예","현재 사용","앱·게임 소개 허브","1a3bab9058eb425934b29892ee3aaf448672e673","2026-07-26T06:55:51+09:00","1a3bab9058eb425934b29892ee3aaf448672e673","2026-07-26T06:55:51+09:00","NOT_APPLICABLE","실제 제작·출시·운영 시점은 OWNER_INPUT_REQUIRED","운영자·브랜드 표시 성격"
"TM-KO-018","말린오이","일반 문자","privacy.html","60-61; 157; 188행","말린오이 캘린더 앱 및 사이트 운영 설명","예","현재 사용","웹사이트·캘린더","133bfa2de6017cbcb9890b325a8517421ea94e60","2026-05-23T16:26:27+09:00","133bfa2de6017cbcb9890b325a8517421ea94e60","2026-05-23T16:26:27+09:00","NOT_APPLICABLE","실제 서비스 개시일은 OWNER_INPUT_REQUIRED","개인정보처리방침의 서비스명"
"TM-KO-019","말린오이","일반 문자","supabase-SQLEditor/99_all_backup.sql","5675행 외 다수","SQL 백업 속 디지털 상품명","아니오","과거 사용","데이터베이스 백업","e12bd116fb4ae20fc4a453fe9dd440ae29c64a6d","2026-04-02T21:18:25+09:00","a36ec655b51f45299bb169850acbf422a945f05b","2026-07-25T23:59:58+09:00","NOT_APPLICABLE","백업 파일이며 현재 실행 스키마·운영 사실을 증명하지 않음","완료 보고의 실제 사용처 수에서 제외"
"TM-DOTCOM-001","말린오이닷컴","일반 문자","index.html","6행 title; 31행 apple-mobile-web-app-title","사이트 홈 페이지 제목·앱 제목","예","현재 사용","웹사이트","c6990811d6ae1d922b58e4bd7dc57afbfbfdbbb5","2026-02-12T09:58:34+09:00","c6990811d6ae1d922b58e4bd7dc57afbfbfdbbb5","2026-02-12T09:58:34+09:00","NOT_APPLICABLE","Git 기록은 최초 공개·운영일이 아님; 실제 개시일은 OWNER_INPUT_REQUIRED","초기 저장소 커밋부터 확인"
"TM-DOTCOM-002","말린오이닷컴","일반 문자","site.webmanifest","2-4; 33행","PWA 이름·설명 및 전체게시글 바로가기 설명","예 - 설치 UI 조건부","현재 사용","웹/PWA·게시판","96ff57881bed1966d57a9351397b9e113f28279c","2026-03-30T13:32:31+09:00","96ff57881bed1966d57a9351397b9e113f28279c","2026-03-30T13:32:31+09:00","NOT_APPLICABLE","실제 설치·배포 사실은 OWNER_INPUT_REQUIRED","www/site.webmanifest에 동일 내용 복제"
"TM-DOTCOM-003","말린오이닷컴","도형화 워드마크의 alt·참조","partials/header.html","198-203행","공유 헤더 로고 alt와 logo-word 이미지","예","현재 사용","사이트 공통 헤더","52d175bcbf85d05cb996d69d08c9c7db3970074a","2026-03-05T15:43:27+09:00","52d175bcbf85d05cb996d69d08c9c7db3970074a","2026-03-05T15:43:27+09:00","NOT_APPLICABLE","실제 배포 페이지는 OWNER_INPUT_REQUIRED","공유 헤더를 주입하는 루트 HTML 29개"
"TM-DOTCOM-004","말린오이닷컴","일반 문자","partials/footer.html","12행 alt; 65행 copyright","푸터 로고 alt와 저작권 문구","예","현재 사용","사이트 공통 푸터","52d175bcbf85d05cb996d69d08c9c7db3970074a","2026-03-05T15:43:27+09:00","52d175bcbf85d05cb996d69d08c9c7db3970074a","2026-03-05T15:43:27+09:00","NOT_APPLICABLE","법적 운영 주체·운영 시작일은 OWNER_INPUT_REQUIRED","운영자·브랜드 표시 성격"
"TM-DOTCOM-005","말린오이닷컴","일반 문자","login.html","6행 title; 31행 apple-mobile-web-app-title","로그인 페이지 제목","예","현재 사용","계정·로그인","69a00284e76584c64d34c9af5ed0198f72d13575","2026-02-24T17:46:29+09:00","69a00284e76584c64d34c9af5ed0198f72d13575","2026-02-24T17:46:29+09:00","NOT_APPLICABLE","실제 로그인 서비스 개시일은 OWNER_INPUT_REQUIRED","공유 헤더·푸터 사용"
"TM-DOTCOM-006","말린오이닷컴","일반 문자","account/signup.html","6행 title; 31행 apple-mobile-web-app-title","회원가입 페이지 제목","예","현재 사용","계정·회원가입","011d6c1bd07c399b9a2c75a02ba6dff2e53abe06","2026-03-01T19:38:57+09:00","011d6c1bd07c399b9a2c75a02ba6dff2e53abe06","2026-03-01T19:38:57+09:00","NOT_APPLICABLE","최초 회원가입·서비스 개시일은 OWNER_INPUT_REQUIRED","공유 헤더·푸터 사용"
"TM-DOTCOM-007","말린오이닷컴","일반 문자","posts-all.html","6행 title; 31행 apple-mobile-web-app-title","전체 게시글 페이지 제목","예","현재 사용","웹 커뮤니티·게시판","c6990811d6ae1d922b58e4bd7dc57afbfbfdbbb5","2026-02-12T09:58:34+09:00","c6990811d6ae1d922b58e4bd7dc57afbfbfdbbb5","2026-02-12T09:58:34+09:00","NOT_APPLICABLE","실제 게시 서비스 개시일은 OWNER_INPUT_REQUIRED","커뮤니티 서비스 표시"
"TM-DOTCOM-008","말린오이닷컴","일반 문자","post.html","6행 title; 30행 apple-mobile-web-app-title","게시물 상세 페이지 제목","예","현재 사용","웹 커뮤니티·게시판","c6990811d6ae1d922b58e4bd7dc57afbfbfdbbb5","2026-02-12T09:58:34+09:00","c6990811d6ae1d922b58e4bd7dc57afbfbfdbbb5","2026-02-12T09:58:34+09:00","NOT_APPLICABLE","실제 게시물 공개·운영 기록은 OWNER_INPUT_REQUIRED","동적 제목은 post-detail.js에서 확인"
"TM-DOTCOM-009","말린오이닷컴","일반 문자","write.html","6행 title; 30행 apple-mobile-web-app-title","새 글 쓰기 페이지 제목","예","현재 사용","웹 커뮤니티·게시판","f5fbd05a5b858ae9a5c48ac981c1d63e632d5011","2026-02-22T14:50:25+09:00","f5fbd05a5b858ae9a5c48ac981c1d63e632d5011","2026-02-22T14:50:25+09:00","NOT_APPLICABLE","실제 글 작성·서비스 개시일은 OWNER_INPUT_REQUIRED","커뮤니티 기능 표시"
"TM-DOTCOM-010","말린오이닷컴","일반 문자","store.html","6행 title; 30행 apple-mobile-web-app-title","상점 페이지 제목","예","현재 사용","사이트 내부 상점","9988266713f269989ff0ae15518b5fe454bfb663","2026-04-01T16:57:51+09:00","9988266713f269989ff0ae15518b5fe454bfb663","2026-04-01T16:57:51+09:00","NOT_APPLICABLE","실제 판매·주문·결제 발생은 OWNER_INPUT_REQUIRED","본문 제목은 말린오이 상점"
"TM-DOTCOM-011","말린오이닷컴","일반 문자","privacy.html","57-61; 119; 188; 205행","서비스명과 운영자 표기","예","현재 사용","사이트 운영","133bfa2de6017cbcb9890b325a8517421ea94e60","2026-05-23T16:26:27+09:00","133bfa2de6017cbcb9890b325a8517421ea94e60","2026-05-23T16:26:27+09:00","NOT_APPLICABLE","법적 운영자 정보와 실제 개시일은 OWNER_INPUT_REQUIRED","운영 문서"
"TM-DOTCOM-012","말린오이닷컴","일반 문자","mallin-plus.html","6행 title; 62행 앱·게임 소개","앱·게임 제작·제공 주체 표시","예","현재 사용","앱·게임 소개 허브","1a3bab9058eb425934b29892ee3aaf448672e673","2026-07-26T06:55:51+09:00","1a3bab9058eb425934b29892ee3aaf448672e673","2026-07-26T06:55:51+09:00","NOT_APPLICABLE","실제 제작·출시·운영 내역은 OWNER_INPUT_REQUIRED","말오닷+와 병기"
"TM-DOTCOM-013","말린오이닷컴","일반 문자","assets/js/modules/store-data.js","125-247행 artist","BGM 아티스트 표기","예 - BGM UI 렌더링 시","현재 사용","BGM·디지털 콘텐츠","54913deb011ea0a0bec8ae580cce970810e01433","2026-04-14T21:37:07+09:00","d334d7da75add04ea27a1353d1d7da242a723923","2026-08-02T13:31:14+09:00","NOT_APPLICABLE","제작자·권리자 법적 사실과 실제 공개일은 OWNER_INPUT_REQUIRED","13개 BGM 항목에서 확인"
"TM-DOTCOM-014","말린오이닷컴","일반 문자","assets/js/modules/pwa-install.js","122행 install prompt","PWA 설치 권유 문구","예 - 설치 안내 조건부","현재 사용","웹/PWA","400928c4c99b840be899a2c3968a14c9f4be5f92","2026-05-19T09:24:48+09:00","400928c4c99b840be899a2c3968a14c9f4be5f92","2026-05-19T09:24:48+09:00","NOT_APPLICABLE","실제 프롬프트 노출 기록은 OWNER_INPUT_REQUIRED","사용자 안내 문구"
"TM-DOTCOM-015","말린오이닷컴","일반 문자","assets/js/modules/post-detail.js","964행 document.title","게시물 제목과 결합되는 동적 페이지 제목","예","현재 사용","웹 커뮤니티·게시판","c6990811d6ae1d922b58e4bd7dc57afbfbfdbbb5","2026-02-12T09:58:34+09:00","c6990811d6ae1d922b58e4bd7dc57afbfbfdbbb5","2026-02-12T09:58:34+09:00","NOT_APPLICABLE","실제 게시물 공개·페이지 접근 기록은 OWNER_INPUT_REQUIRED","동적 title"
"TM-DOTCOM-016","말린오이닷컴","도형화 워드마크 이미지","images/logo-word.png","이미지 전체; partials/header.html 202행에서 참조","말린오이닷컴 도형화 워드마크","예","현재 사용","사이트 공통 헤더","c6990811d6ae1d922b58e4bd7dc57afbfbfdbbb5","2026-02-12T09:58:34+09:00","c6990811d6ae1d922b58e4bd7dc57afbfbfdbbb5","2026-02-12T09:58:34+09:00","5c3a09903a47a507dd03fc770560404aa874be7baf74f84f53441ce517aeea17","공식 대표 로고·최초 공개일은 OWNER_INPUT_REQUIRED","PNG 1031x358 RGBA; 단순 보관 파일이 아니라 공유 헤더에서 참조"
"TM-DOTCOM-017","말린오이닷컴","도형화 워드마크 이미지 복제본","www/images/logo-word.png","이미지 전체; www/partials/header.html 202행에서 참조","Capacitor·배포용 워드마크 동일본","예 - 패키지·배포 조건부","확인 필요","Capacitor 웹 번들","155e232a89ead62e1750e8a68ebc01ce99eda153","2026-05-20T22:52:19+09:00","155e232a89ead62e1750e8a68ebc01ce99eda153","2026-05-20T22:52:19+09:00","5c3a09903a47a507dd03fc770560404aa874be7baf74f84f53441ce517aeea17","실제 패키징·배포 버전은 OWNER_INPUT_REQUIRED","원본과 규격·SHA-256 동일; 완료 보고 사용처 수에서는 중복 제외"
"TM-EN-001","MallinOi","일반 문자 후보","docs/ip/README.md","Work 역할의 조사 대상 표장 목록","IP 조사 대상 명칭으로만 기록","아니오","확인 필요","해당 없음 - 조사 문서","c4ba278944c7ae0d8f5e68f083827a6fa0ff16f8","2026-08-04T13:14:31+09:00","c4ba278944c7ae0d8f5e68f083827a6fa0ff16f8","2026-08-04T13:14:31+09:00","NOT_APPLICABLE","서비스 코드·화면의 실제 사용 근거가 아님; 외부 사용은 OWNER_INPUT_REQUIRED","정확한 철자는 서비스 코드·화면 검색 0건"
"TM-EN-002","com.mallinoi.calendar","영문 기술 식별자","capacitor.config.json","2행 appId","캘린더 앱 패키지 ID","아니오","현재 사용","캘린더 앱 기술 구성","155e232a89ead62e1750e8a68ebc01ce99eda153","2026-05-20T22:52:19+09:00","155e232a89ead62e1750e8a68ebc01ce99eda153","2026-05-20T22:52:19+09:00","NOT_APPLICABLE","사용자 화면의 MallinOi 문자표장 사용 근거가 아님","소문자 mallinoi 변형"
"TM-EN-003","mallinoi","영문 기술 식별자","android/app/src/main/res/values/strings.xml","6행 custom_url_scheme","Android 앱 URL scheme","아니오","현재 사용","캘린더 앱 기술 구성","48d9f88f8d87e329386ff3411ee743ac612806d1","2026-06-10T19:47:47+09:00","48d9f88f8d87e329386ff3411ee743ac612806d1","2026-06-10T19:47:47+09:00","NOT_APPLICABLE","URL scheme이며 사용자 표장 노출 근거가 아님","정확한 MallinOi 철자와 구분"
"TM-EN-004","com.mallinoi.cucumbergrow.dev","영문 기술 식별자","apps/cucumber-grow-mobile/capacitor.config.json","2행 appId","오이키우기 개발 앱 ID","아니오","확인 필요","오이키우기 모바일 개발 구성","7b03812b52474f1ddbc0910c85cd77c36a4786b2","2026-08-03T15:54:50+09:00","7b03812b52474f1ddbc0910c85cd77c36a4786b2","2026-08-03T15:54:50+09:00","NOT_APPLICABLE","개발용 기술 식별자이며 출시·표장 노출 근거가 아님","dev 접미사"
"TM-EN-005","mallin-oi-calendar","영문 기술 식별자","package.json","2행 package name","캘린더 프로젝트 패키지명","아니오","현재 사용","캘린더 개발 프로젝트","155e232a89ead62e1750e8a68ebc01ce99eda153","2026-05-20T22:52:19+09:00","155e232a89ead62e1750e8a68ebc01ce99eda153","2026-05-20T22:52:19+09:00","NOT_APPLICABLE","개발 패키지명이며 사용자 표장 노출 근거가 아님","하이픈 영문 변형"
"TM-EN-006","@mallinoi/cucumber-grow-mvp","영문 기술 식별자","games/cucumber-grow/package.json","2행 package name","오이키우기 개발 패키지명","아니오","현재 사용","오이키우기 웹 게임 개발","0eb19596145c31b36b27a2f6d2f2c1af2e0a5849","2026-07-27T20:06:16+09:00","0eb19596145c31b36b27a2f6d2f2c1af2e0a5849","2026-07-27T20:06:16+09:00","NOT_APPLICABLE","개발 패키지명이며 사용자 표장 노출 근거가 아님","소문자 mallinoi 변형"
"TM-EN-007","Mallinoi","영문 기술 식별자 변형","ios/App/MallinoiCalendarWidgets/MallinoiCalendarWidgets.swift","679행 MallinoiCalendarWidgetsBundle","iOS 타입명","아니오","현재 사용","캘린더 iOS 위젯 개발","48d9f88f8d87e329386ff3411ee743ac612806d1","2026-06-10T19:47:47+09:00","48d9f88f8d87e329386ff3411ee743ac612806d1","2026-06-10T19:47:47+09:00","NOT_APPLICABLE","소스 타입명이며 사용자 표장 노출 근거가 아님","대문자 O가 아닌 Mallinoi 변형"
"TM-DOMAIN-001","mallin-oi.com","도메인","CNAME","1행","정적 사이트 사용자 지정 도메인 설정","예 - 주소창 조건부","현재 사용","웹사이트 도메인","4c072956108a60a14eb60e576ef251af412f7022","2026-03-10T16:31:44+09:00","4c072956108a60a14eb60e576ef251af412f7022","2026-03-10T16:31:44+09:00","NOT_APPLICABLE","실제 도메인 소유·운영 기간은 OWNER_INPUT_REQUIRED","하이픈 도메인"
"TM-DOMAIN-002","mallin-oi.com","도메인","assets/app-version.json","3행 remoteConfigUrl","캘린더 앱 원격 설정 URL","예 - 네트워크 요청·링크 조건부","현재 사용","캘린더 앱 업데이트","dac7a6e4b528f31ad1a61cb37062a916216dea69","2026-07-06T14:46:35+09:00","dac7a6e4b528f31ad1a61cb37062a916216dea69","2026-07-06T14:46:35+09:00","NOT_APPLICABLE","실제 요청·응답·운영 기록은 OWNER_INPUT_REQUIRED","하이픈 도메인"
"TM-DOMAIN-003","mallin-oi.com","도메인","app-calendar.html","51행 사용방법 링크","캘린더 사용방법 게시글 링크","예 - 링크 목적지·상태 표시 조건부","현재 사용","캘린더 웹","e8e39e99fcaabbd8c032e115ac9541b5bd3aa3df","2026-07-06T14:38:01+09:00","e8e39e99fcaabbd8c032e115ac9541b5bd3aa3df","2026-07-06T14:38:01+09:00","NOT_APPLICABLE","실제 링크 접근·운영 기간은 OWNER_INPUT_REQUIRED","하이픈 도메인"
"TM-DOMAIN-004","mallinoi.com","도메인 변형","games/cucumber-grow/js/main.js","542행 지원 URL","오이키우기 외부 지원 링크","예 - 클릭 시","확인 필요","오이키우기 게임","7b03812b52474f1ddbc0910c85cd77c36a4786b2","2026-08-03T15:54:50+09:00","7b03812b52474f1ddbc0910c85cd77c36a4786b2","2026-08-03T15:54:50+09:00","NOT_APPLICABLE","CNAME의 하이픈 도메인과 관계·실제 운영은 OWNER_INPUT_REQUIRED","무하이픈 도메인"
"TM-DOMAIN-005","mallinoi.com","도메인 변형","games/cucumber-grow/js/native-bridge.js","1행 allowed external hosts","오이키우기 외부 링크 허용 호스트","아니오","확인 필요","오이키우기 게임 기술 구성","7b03812b52474f1ddbc0910c85cd77c36a4786b2","2026-08-03T15:54:50+09:00","7b03812b52474f1ddbc0910c85cd77c36a4786b2","2026-08-03T15:54:50+09:00","NOT_APPLICABLE","허용 목록이며 실제 도메인 운영·표장 노출 근거가 아님","www 무하이픈 호스트도 함께 허용"
"TM-LOGO-001","images/logo-word.png","로고 이미지 참조","assets/js/modules/layout-includes.js","132행 siteLogoWord src","공유 헤더 워드마크 경로 설정","예","현재 사용","사이트 공통 헤더","f8d1f61f5037de367e3fe2b655bf4150ac7f1f49","2026-04-13T17:38:48+09:00","f8d1f61f5037de367e3fe2b655bf4150ac7f1f49","2026-04-13T17:38:48+09:00","NOT_APPLICABLE","실제 페이지 배포·접속 기록은 OWNER_INPUT_REQUIRED","HTML 참조를 JavaScript에서도 유지"
"TM-LOGO-002","images/logo-word.png","로고 이미지 참조","sw.js","84행 precache list","워드마크 이미지 서비스 워커 캐시","아니오 - 캐시는 직접 표시 아님","현재 사용","웹/PWA 캐시","400928c4c99b840be899a2c3968a14c9f4be5f92","2026-05-19T09:24:48+09:00","400928c4c99b840be899a2c3968a14c9f4be5f92","2026-05-19T09:24:48+09:00","NOT_APPLICABLE","캐시 목록은 실제 화면 노출·접속 횟수 증명이 아님","현재 배포 자산 목록에 포함"
